"Subzone","Hospital_Polyclinic","TWD","TT","TRF","first_stop_name","last_stop_name","shorter_dist","dist_ratio"
"Chong Boon","TAN TOCK SENG HOSPITAL PTE LTD",-0.751470467503861,-0.710860291469464,-0.520205954479978,"BISHAN MRT STATION","TOA PAYOH MRT STATION",FALSE,2.74589019756681
"Kebun Bahru","NATIONAL HEALTHCARE GROUP POLYCLINICS - HOUGANG",-0.911520909200056,0.0851833920670603,2.79268459773462,"BRIGHT HILL MRT STATION","KOVAN MRT STATION",FALSE,2.16850305446241
"Sembawang Hills","TAN TOCK SENG HOSPITAL PTE LTD",-0.558605319113836,0.113512348776545,2.79268459773462,"BRIGHT HILL MRT STATION","TOA PAYOH MRT STATION",FALSE,1.81684423988715
"Shangri-La","TAN TOCK SENG HOSPITAL PTE LTD",-0.466710418197622,-0.376578602297542,-0.520205954479978,"BISHAN MRT STATION","TOA PAYOH MRT STATION",FALSE,2.23214767747424
"Townsville","TAN TOCK SENG HOSPITAL PTE LTD",-0.900031707578684,-0.833619103877231,-0.520205954479978,"BISHAN MRT STATION","TOA PAYOH MRT STATION",FALSE,2.59161863546816
"Bayshore","SINGHEALTH POLYCLINICS - PASIR RIS",-0.549773229268091,-0.453066785413151,-0.520205954479978,"SIMEI MRT STATION","TAMPINES MRT STATION",FALSE,3.50903903009735
"Bedok North","SINGHEALTH POLYCLINICS - PASIR RIS",-0.599254139399654,-0.377522900854526,-0.520205954479978,"TANAH MERAH MRT STATION","TAMPINES MRT STATION",FALSE,4.36955469379661
"Bedok South","SINGHEALTH POLYCLINICS - PASIR RIS",-0.937773922025437,-0.960627259791422,-0.520205954479978,"SIMEI MRT STATION","TAMPINES MRT STATION",FALSE,3.9207271082878
"Frankel","CHANGI GENERAL HOSPITAL",-0.401517619420981,-0.219825041838393,-0.520205954479978,"BEDOK MRT STATION","TANAH MERAH MRT STATION",FALSE,4.64173113576795
"Frankel","SINGHEALTH POLYCLINICS - TAMPINES",-0.451173175396951,-0.155612739963561,-0.520205954479978,"BEDOK MRT STATION","SIMEI MRT STATION",FALSE,3.63888469561837
"Kaki Bukit","NATIONAL HEALTHCARE GROUP POLYCLINICS - HOUGANG",-1.082979466947,-0.615958286492689,2.79268459773462,"UBI MRT STATION","KOVAN MRT STATION",FALSE,4.23709306400856
"Kembangan","NATIONAL HEALTHCARE GROUP POLYCLINICS - GEYLANG",-0.71823785825377,-0.848727880788956,-0.520205954479978,"EUNOS MRT STATION","PAYA LEBAR MRT STATION",FALSE,6.10941077381828
"Kembangan","CHANGI GENERAL HOSPITAL",-0.828352063152625,-0.793486415205461,-0.520205954479978,"BEDOK MRT STATION","TANAH MERAH MRT STATION",FALSE,4.67077160854541
"Kembangan","SINGHEALTH POLYCLINICS - TAMPINES",-0.878007619128596,-0.729274113330629,-0.520205954479978,"BEDOK MRT STATION","SIMEI MRT STATION",FALSE,3.93405666038379
"Siglap","SINGHEALTH POLYCLINICS - TAMPINES",0.32265761176582,0.550250431381103,-0.520205954479978,"TANAH MERAH MRT STATION","SIMEI MRT STATION",FALSE,3.47665208537421
"Bishan East","TAN TOCK SENG HOSPITAL PTE LTD",-0.940268862659828,-1.09755055055393,-0.520205954479978,"BRADDELL MRT STATION","TOA PAYOH MRT STATION",FALSE,3.93655197946672
"Bishan East","NATIONAL HEALTHCARE GROUP POLYCLINICS - KALLANG",-0.916286245811743,-0.767518204888433,1.13623932162732,"LORONG CHUAN MRT STATION","POTONG PASIR MRT STATION",FALSE,3.42395059104763
"Bishan East","KK WOMEN'S AND CHILDREN'S HOSPITAL",-0.325634000025973,-0.368552064563188,-0.520205954479978,"BRADDELL MRT STATION","TOA PAYOH MRT STATION",FALSE,2.90021145632711
"Marymount","TAN TOCK SENG HOSPITAL PTE LTD",-0.895359931240787,-1.07535953446484,-0.520205954479978,"BRADDELL MRT STATION","TOA PAYOH MRT STATION",FALSE,3.2778266933399
"Marymount","NATIONAL HEALTHCARE GROUP POLYCLINICS - KALLANG",-0.697741920942247,-0.491310876970956,1.13623932162732,"LORONG CHUAN MRT STATION","POTONG PASIR MRT STATION",FALSE,2.68268487386941
"Marymount","KK WOMEN'S AND CHILDREN'S HOSPITAL",-0.280725068606931,-0.346833197752583,-0.520205954479978,"BRADDELL MRT STATION","TOA PAYOH MRT STATION",FALSE,2.46035862763289
"Upper Thomson","KK WOMEN'S AND CHILDREN'S HOSPITAL",-0.803739473794356,-0.311894151144219,1.13623932162732,"CALDECOTT MRT STATION","NEWTON MRT STATION",FALSE,1.95037564027455
"Liu Fang","CLEMENTI POLYCLINIC",0.35333290686566,0.663566258219042,-0.520205954479978,"LAKESIDE MRT STATION","JURONG EAST MRT STATION",TRUE,0.596521774611881
"Tukang","NG TENG FONG GENERAL HOSPITAL & JURONG COMMUNITY HOSPITAL",-0.164429648286372,-0.150891247178647,-0.520205954479978,"LAKESIDE MRT STATION","CHINESE GARDEN MRT STATION",TRUE,0.85431108353875
"Tukang","CLEMENTI POLYCLINIC",-0.199938890865345,0.0544936889651185,-0.520205954479978,"LAKESIDE MRT STATION","JURONG EAST MRT STATION",TRUE,0.536076995796244
"Bukit Batok Central","BUKIT PANJANG POLYCLINIC",-1.26834731873068,-0.828897611092317,1.13623932162732,"BUKIT GOMBAK MRT STATION","BUKIT PANJANG LRT STATION",TRUE,0.506813780263452
"Bukit Batok East","BUKIT PANJANG POLYCLINIC",-0.666486552144911,-0.153251993571104,1.13623932162732,"BUKIT GOMBAK MRT STATION","BUKIT PANJANG LRT STATION",TRUE,0.708868112129715
"Bukit Batok West","BUKIT PANJANG POLYCLINIC",-0.760483440545599,-0.205660563483651,1.13623932162732,"BUKIT GOMBAK MRT STATION","BUKIT PANJANG LRT STATION",TRUE,0.368032922189001
"Alexandra Hill","NATIONAL UNIVERSITY HOSPITAL",-0.775652679602697,-0.569215507922039,1.13623932162732,"QUEENSTOWN MRT STATION","ONE-NORTH MRT STATION",FALSE,3.02287257265426
"Bukit Ho Swee","KK WOMEN'S AND CHILDREN'S HOSPITAL",-0.73804144953925,-0.35910907899336,1.13623932162732,"GREAT WORLD MRT STATION","NEWTON MRT STATION",FALSE,3.7552225858872
"City Terminals","KK WOMEN'S AND CHILDREN'S HOSPITAL",-0.271169445977213,-0.263262775459603,-0.520205954479978,"CHINATOWN MRT STATION","DHOBY GHAUT MRT STATION",FALSE,2.8835566025434
"Depot Road","NATIONAL UNIVERSITY HOSPITAL",-0.343797167844341,-0.417655589526295,-0.520205954479978,"PASIR PANJANG MRT STATION","HAW PAR VILLA MRT STATION",FALSE,3.01693051352813
"Everton Park","KK WOMEN'S AND CHILDREN'S HOSPITAL",-0.55120158278128,-0.554578880288806,-0.520205954479978,"CHINATOWN MRT STATION","DHOBY GHAUT MRT STATION",FALSE,3.02114148924705
"Singapore General Hospital","KK WOMEN'S AND CHILDREN'S HOSPITAL",-0.644624634836058,-0.67639339413959,-0.520205954479978,"CHINATOWN MRT STATION","DHOBY GHAUT MRT STATION",FALSE,3.26435373028501
"Tiong Bahru","KK WOMEN'S AND CHILDREN'S HOSPITAL",-0.710696900186323,-0.303395464131374,1.13623932162732,"GREAT WORLD MRT STATION","NEWTON MRT STATION",FALSE,3.351375366349
"Tiong Bahru Station","QUEENSTOWN POLYCLINIC",-1.04159463917404,-1.1650678973782,-0.520205954479978,"REDHILL MRT STATION","QUEENSTOWN MRT STATION",FALSE,3.42799391373947
"Bangkit","BUKIT BATOK POLYCLINIC",-0.969285022237798,-0.480451443565654,1.13623932162732,"PETIR LRT STATION","BUKIT GOMBAK MRT STATION",FALSE,1.58276332091717
"Bangkit","NG TENG FONG GENERAL HOSPITAL & JURONG COMMUNITY HOSPITAL",-1.06807219665652,-0.425209977982158,1.13623932162732,"PETIR LRT STATION","BUKIT BATOK MRT STATION",FALSE,1.07962912184526
"Dairy Farm","NG TENG FONG GENERAL HOSPITAL & JURONG COMMUNITY HOSPITAL",-0.603869779573278,0.408133498555187,2.79268459773462,"CASHEW MRT STATION","BUKIT BATOK MRT STATION",FALSE,1.09997632734862
"Fajar","BUKIT PANJANG POLYCLINIC",-1.40246908988397,-1.70567882125087,-0.520205954479978,"SEGAR LRT STATION","JELAPANG LRT STATION",FALSE,5.90370225654505
"Fajar","CHOA CHU KANG POLYCLINIC",-1.06641929848623,-1.06450010105953,-0.520205954479978,"SEGAR LRT STATION","TECK WHYE LRT STATION",FALSE,3.16206841044943
"Fajar","BUKIT BATOK POLYCLINIC",-1.18403703734302,-0.611236793707775,1.13623932162732,"BANGKIT LRT STATION","BUKIT GOMBAK MRT STATION",FALSE,1.5407531876679
"Fajar","NATIONAL HEALTHCARE GROUP POLYCLINICS - WOODLANDS",-1.25554203592467,-0.55930037307372,1.13623932162732,"BANGKIT LRT STATION","KRANJI MRT STATION",FALSE,1.30682483620299
"Jelebu","BUKIT BATOK POLYCLINIC",-1.01340804735701,-0.592350822568119,1.13623932162732,"BUKIT PANJANG LRT STATION","BUKIT GOMBAK MRT STATION",FALSE,1.72435880267246
"Jelebu","NG TENG FONG GENERAL HOSPITAL & JURONG COMMUNITY HOSPITAL",-1.11219522177572,-0.537109356984623,1.13623932162732,"BUKIT PANJANG LRT STATION","BUKIT BATOK MRT STATION",FALSE,1.07943682395642
"Nature Reserve","CHOA CHU KANG POLYCLINIC",0.215044584852942,0.320785882034276,-0.520205954479978,"HUME MRT STATION","CASHEW MRT STATION",FALSE,1.12384473471986
"Saujana","BUKIT BATOK POLYCLINIC",-1.03837616575568,-0.555051029567297,1.13623932162732,"SENJA LRT STATION","BUKIT GOMBAK MRT STATION",FALSE,1.56201183332296
"Saujana","NATIONAL HEALTHCARE GROUP POLYCLINICS - WOODLANDS",-1.10988116433733,-0.503114608933241,1.13623932162732,"SENJA LRT STATION","KRANJI MRT STATION",FALSE,1.30052082804025
"Senja","BUKIT BATOK POLYCLINIC",-0.874265208177009,-0.422849231589701,1.13623932162732,"BUKIT PANJANG LRT STATION","BUKIT GOMBAK MRT STATION",FALSE,1.59536820982924
"Senja","NATIONAL HEALTHCARE GROUP POLYCLINICS - WOODLANDS",-0.945770206758661,-0.370912810955646,1.13623932162732,"BUKIT PANJANG LRT STATION","KRANJI MRT STATION",FALSE,1.20390509041136
"Anak Bukit","CLEMENTI POLYCLINIC",-0.715811528486825,0.120594587953916,2.79268459773462,"KING ALBERT PARK MRT STATION","DOVER MRT STATION",FALSE,1.27049663396884
"Anak Bukit","NG TENG FONG GENERAL HOSPITAL & JURONG COMMUNITY HOSPITAL",-0.681824199694831,0.454404127847346,2.79268459773462,"HUME MRT STATION","BUKIT BATOK MRT STATION",FALSE,1.1939060321757
"Anak Bukit","JURONG POLYCLINIC",-0.231849181579208,1.03609203894877,2.79268459773462,"KING ALBERT PARK MRT STATION","JURONG EAST MRT STATION",TRUE,0.759331608055397
"Anak Bukit","NATIONAL UNIVERSITY HOSPITAL",-0.858777864189026,-0.245321102876929,1.13623932162732,"KING ALBERT PARK MRT STATION","ONE-NORTH MRT STATION",TRUE,0.71728912379398
"Coronation Road","NATIONAL UNIVERSITY HOSPITAL",-0.345824307109783,-0.340223107853704,-0.520205954479978,"HOLLAND VILLAGE MRT STATION","ONE-NORTH MRT STATION",FALSE,1.70266143885411
"Coronation Road","CLEMENTI POLYCLINIC",-0.202857971407582,0.0256925829771423,1.13623932162732,"HOLLAND VILLAGE MRT STATION","DOVER MRT STATION",FALSE,1.6519900679091
"Coronation Road","SINGHEALTH POLYCLINICS - BUKIT MERAH",0.0814218018265358,0.453459829290363,1.13623932162732,"HOLLAND VILLAGE MRT STATION","QUEENSTOWN MRT STATION",FALSE,1.4066518101277
"Farrer Court","NATIONAL UNIVERSITY HOSPITAL",-1.23876356015839,-1.37895152053481,-0.520205954479978,"HOLLAND VILLAGE MRT STATION","ONE-NORTH MRT STATION",FALSE,2.11588908764657
"Farrer Court","SINGHEALTH POLYCLINICS - BUKIT MERAH",-0.811517451222071,-0.585268583390748,1.13623932162732,"HOLLAND VILLAGE MRT STATION","QUEENSTOWN MRT STATION",FALSE,1.93224059677752
"Farrer Court","CLEMENTI POLYCLINIC",-1.09579722445619,-1.01303582970397,1.13623932162732,"HOLLAND VILLAGE MRT STATION","DOVER MRT STATION",FALSE,1.71317827466515
"Hillcrest","KK WOMEN'S AND CHILDREN'S HOSPITAL",-0.536525094499474,-0.483756488515094,-0.520205954479978,"BOTANIC GARDENS MRT STATION","NEWTON MRT STATION",FALSE,1.53224095573437
"Leedon Park","NATIONAL UNIVERSITY HOSPITAL",-0.909930384545631,-1.11171502890867,-0.520205954479978,"BUONA VISTA MRT STATION","ONE-NORTH MRT STATION",FALSE,2.21333659832701
"Swiss Club","NATIONAL UNIVERSITY HOSPITAL",-0.335863256626977,0.240992653969227,1.13623932162732,"SIXTH AVENUE MRT STATION","ONE-NORTH MRT STATION",FALSE,1.12234872567227
"Swiss Club","NG TENG FONG GENERAL HOSPITAL & JURONG COMMUNITY HOSPITAL",-0.157387678345803,0.889725762616429,2.79268459773462,"SIXTH AVENUE MRT STATION","CLEMENTI MRT STATION",FALSE,1.10947807042491
"Ulu Pandan","NG TENG FONG GENERAL HOSPITAL & JURONG COMMUNITY HOSPITAL",-0.248240941547158,-0.0522120479739413,-0.520205954479978,"DOVER MRT STATION","CLEMENTI MRT STATION",FALSE,1.10128678640741
"Choa Chu Kang Central","BUKIT PANJANG POLYCLINIC",-1.14781673668325,-1.2146435716198,-0.520205954479978,"SOUTH VIEW LRT STATION","BUKIT PANJANG LRT STATION",FALSE,3.92223847892945
"Choa Chu Kang Central","NG TENG FONG GENERAL HOSPITAL & JURONG COMMUNITY HOSPITAL",-1.05699466023982,-1.02342311383078,-0.520205954479978,"BUKIT GOMBAK MRT STATION","BUKIT BATOK MRT STATION",FALSE,1.03765127807236
"Choa Chu Kang North","BUKIT BATOK POLYCLINIC",-0.855397219629426,-0.834563402434214,-0.520205954479978,"CHOA CHU KANG MRT STATION","BUKIT GOMBAK MRT STATION",FALSE,1.48609249000631
"Keat Hong","NG TENG FONG GENERAL HOSPITAL & JURONG COMMUNITY HOSPITAL",-0.957059813129281,-0.615013987935706,1.13623932162732,"SOUTH VIEW LRT STATION","BUKIT BATOK MRT STATION",FALSE,1.04592169644387
"Peng Siang","BUKIT PANJANG POLYCLINIC",-0.751108701111874,-0.812372386345118,-0.520205954479978,"KEAT HONG LRT STATION","BUKIT PANJANG LRT STATION",FALSE,1.89290155249563
"Peng Siang","NG TENG FONG GENERAL HOSPITAL & JURONG COMMUNITY HOSPITAL",-0.616107463384967,-0.530027117807252,-0.520205954479978,"BUKIT GOMBAK MRT STATION","BUKIT BATOK MRT STATION",FALSE,1.01779529846655
"Teck Whye","BUKIT BATOK POLYCLINIC",-0.861054497517908,-0.538053655541606,1.13623932162732,"TECK WHYE LRT STATION","BUKIT GOMBAK MRT STATION",FALSE,1.70129631068843
"Teck Whye","NG TENG FONG GENERAL HOSPITAL & JURONG COMMUNITY HOSPITAL",-0.959841671936627,-0.482812189958111,1.13623932162732,"TECK WHYE LRT STATION","BUKIT BATOK MRT STATION",FALSE,1.05459607062679
"Yew Tee","BUKIT BATOK POLYCLINIC",-0.989718586033461,-1.00075994846319,-0.520205954479978,"CHOA CHU KANG MRT STATION","BUKIT GOMBAK MRT STATION",FALSE,1.40740642302057
"Clementi Central","NATIONAL UNIVERSITY HOSPITAL",-0.988564675990056,-0.892637763688658,1.13623932162732,"DOVER MRT STATION","ONE-NORTH MRT STATION",FALSE,1.18004388465728
"Clementi Central","QUEENSTOWN POLYCLINIC",-0.809664957801035,-0.851088627181414,-0.520205954479978,"DOVER MRT STATION","BUONA VISTA MRT STATION",TRUE,0.77182371141411
"Clementi North","NATIONAL UNIVERSITY HOSPITAL",-1.07531376184784,-1.01303582970397,1.13623932162732,"DOVER MRT STATION","ONE-NORTH MRT STATION",FALSE,1.08619250585676
"Clementi North","QUEENSTOWN POLYCLINIC",-0.896414043658817,-0.971486693196724,-0.520205954479978,"DOVER MRT STATION","BUONA VISTA MRT STATION",TRUE,0.786372831202167
"Faber","NATIONAL UNIVERSITY HOSPITAL",-0.512841870527516,-0.389798782095302,1.13623932162732,"DOVER MRT STATION","ONE-NORTH MRT STATION",TRUE,0.538832737154539
"Pandan","QUEENSTOWN POLYCLINIC",-0.0926564435865235,0.00680661183748543,-0.520205954479978,"DOVER MRT STATION","BUONA VISTA MRT STATION",TRUE,0.604154061656038
"Anson","SINGHEALTH POLYCLINICS - BUKIT MERAH",-0.768429826466135,-0.857226567801802,-0.520205954479978,"OUTRAM PARK MRT STATION","TIONG BAHRU MRT STATION",FALSE,4.28068661550877
"Anson","KK WOMEN'S AND CHILDREN'S HOSPITAL",-0.692920448166286,-0.41576699241233,1.13623932162732,"RAFFLES PLACE MRT STATION","ROCHOR MRT STATION",FALSE,3.22252970652037
"Anson","ALEXANDRA HOSPITAL",-0.399646413945187,-0.341167406410687,-0.520205954479978,"OUTRAM PARK MRT STATION","REDHILL MRT STATION",FALSE,2.77688489327322
"Bayfront","KK WOMEN'S AND CHILDREN'S HOSPITAL",-0.962785701885209,-1.0059535905266,-0.520205954479978,"PROMENADE MRT STATION","ROCHOR MRT STATION",FALSE,4.34304305183245
"Bayfront","NATIONAL HEALTHCARE GROUP POLYCLINICS - KALLANG",-0.852035287124584,-0.743910740963863,-0.520205954479978,"DOWNTOWN MRT STATION","JALAN BESAR MRT STATION",FALSE,3.84490573012844
"Bugis","SINGHEALTH POLYCLINICS - OUTRAM",-1.32853152418378,-1.4733813762331,-0.520205954479978,"CITY HALL MRT STATION","TANJONG PAGAR MRT STATION",FALSE,4.75103638031689
"Bugis","SINGAPORE GENERAL HOSPITAL",-1.16002947108859,-1.27271793287425,-0.520205954479978,"CITY HALL MRT STATION","TANJONG PAGAR MRT STATION",FALSE,4.41706429784167
"Cecil","SINGHEALTH POLYCLINICS - BUKIT MERAH",-0.833828457845114,-0.922855317512108,-0.520205954479978,"OUTRAM PARK MRT STATION","TIONG BAHRU MRT STATION",FALSE,3.85339715582095
"Cecil","KK WOMEN'S AND CHILDREN'S HOSPITAL",-0.853051975433098,-0.685836379709419,-0.520205954479978,"DOWNTOWN MRT STATION","ROCHOR MRT STATION",FALSE,3.80008788263886
"Cecil","NATIONAL HEALTHCARE GROUP POLYCLINICS - KALLANG",-0.742301560672473,-0.741077845292914,-0.520205954479978,"CHINATOWN MRT STATION","JALAN BESAR MRT STATION",FALSE,3.08646213817656
"Central","KK WOMEN'S AND CHILDREN'S HOSPITAL",-0.565984106040048,-0.330780122283875,1.13623932162732,"RAFFLES PLACE MRT STATION","ROCHOR MRT STATION",FALSE,3.57075237432462
"Central","SINGHEALTH POLYCLINICS - BUKIT MERAH",-0.641493484339897,-0.714165336418903,-0.520205954479978,"OUTRAM PARK MRT STATION","TIONG BAHRU MRT STATION",FALSE,3.53836622792332
"City Hall","SINGHEALTH POLYCLINICS - OUTRAM",-1.40266868513472,-1.63627287731263,-0.520205954479978,"RAFFLES PLACE MRT STATION","TANJONG PAGAR MRT STATION",FALSE,6.43726317162299
"City Hall","SINGAPORE GENERAL HOSPITAL",-1.23416663203952,-1.43560943395378,-0.520205954479978,"RAFFLES PLACE MRT STATION","TANJONG PAGAR MRT STATION",FALSE,5.78384907753492
"City Hall","TAN TOCK SENG HOSPITAL PTE LTD",-1.36324862311134,-1.43513728467529,-0.520205954479978,"DHOBY GHAUT MRT STATION","NEWTON MRT STATION",FALSE,4.0155613314855
"Clifford Pier","NATIONAL HEALTHCARE GROUP POLYCLINICS - KALLANG",-0.912718480704563,-0.820398924079471,1.13623932162732,"CITY HALL MRT STATION","FARRER PARK MRT STATION",FALSE,3.94092910726691
"Clifford Pier","SINGHEALTH POLYCLINICS - BUKIT MERAH",-0.80657123141439,-0.822759670471929,-0.520205954479978,"TANJONG PAGAR MRT STATION","TIONG BAHRU MRT STATION",FALSE,3.36165033235512
"Marina Centre","KK WOMEN'S AND CHILDREN'S HOSPITAL",-1.02753564869925,-1.16837294232764,-0.520205954479978,"BUGIS MRT STATION","ROCHOR MRT STATION",FALSE,5.5918217219082
"Marina Centre","NATIONAL HEALTHCARE GROUP POLYCLINICS - KALLANG",-1.08945383789325,-0.815677431294557,1.13623932162732,"BUGIS MRT STATION","FARRER PARK MRT STATION",FALSE,5.07659959947195
"Maxwell","SINGHEALTH POLYCLINICS - BUKIT MERAH",-0.890195404127597,-0.994149858564312,-0.520205954479978,"OUTRAM PARK MRT STATION","TIONG BAHRU MRT STATION",FALSE,4.16793142592207
"Maxwell","KK WOMEN'S AND CHILDREN'S HOSPITAL",-0.814686025827748,-0.641926496809717,1.13623932162732,"RAFFLES PLACE MRT STATION","ROCHOR MRT STATION",FALSE,3.79922672065502
"Maxwell","NATIONAL HEALTHCARE GROUP POLYCLINICS - KALLANG",-0.873254757220081,-0.889804868017709,-0.520205954479978,"CLARKE QUAY MRT STATION","FARRER PARK MRT STATION",FALSE,2.99700683935743
"Phillip","SINGHEALTH POLYCLINICS - BUKIT MERAH",-0.782307933744936,-0.765157458495976,-0.520205954479978,"TANJONG PAGAR MRT STATION","TIONG BAHRU MRT STATION",FALSE,3.84192216311734
"Phillip","NATIONAL HEALTHCARE GROUP POLYCLINICS - KALLANG",-0.954253004915591,-1.01775732248888,-0.520205954479978,"DHOBY GHAUT MRT STATION","FARRER PARK MRT STATION",FALSE,3.58147619818926
"Raffles Place","SINGHEALTH POLYCLINICS - BUKIT MERAH",-1.02467270432128,-1.04939132414781,-0.520205954479978,"TANJONG PAGAR MRT STATION","TIONG BAHRU MRT STATION",FALSE,3.65585937925431
"Raffles Place","NATIONAL HEALTHCARE GROUP POLYCLINICS - KALLANG",-1.13081995361146,-0.965348752576336,1.13623932162732,"CITY HALL MRT STATION","FARRER PARK MRT STATION",FALSE,3.57339737760977
"Tanjong Pagar","SINGHEALTH POLYCLINICS - BUKIT MERAH",-1.0044699225343,-1.11879726808605,-0.520205954479978,"OUTRAM PARK MRT STATION","TIONG BAHRU MRT STATION",FALSE,4.10445456586763
"Tanjong Pagar","KK WOMEN'S AND CHILDREN'S HOSPITAL",-0.92896054423445,-0.766101757052959,1.13623932162732,"RAFFLES PLACE MRT STATION","ROCHOR MRT STATION",FALSE,3.4628021513385
"Tanjong Pagar","NATIONAL HEALTHCARE GROUP POLYCLINICS - KALLANG",-0.68270990362004,-0.708027395798515,-0.520205954479978,"RAFFLES PLACE MRT STATION","BUGIS MRT STATION",FALSE,2.80401901577406
"Aljunied","KK WOMEN'S AND CHILDREN'S HOSPITAL",-0.794389683766975,-0.460149024590523,1.13623932162732,"KALLANG MRT STATION","ROCHOR MRT STATION",FALSE,3.9577222403536
"Geylang East","NATIONAL HEALTHCARE GROUP POLYCLINICS - TOA PAYOH",0.103508263792484,0.498314010747047,1.13623932162732,"MACPHERSON MRT STATION","WOODLEIGH MRT STATION",FALSE,3.6927117918108
"Kampong Ubi","SINGHEALTH POLYCLINICS - BEDOK",-0.55968438093821,-0.610292495150793,-0.520205954479978,"KAKI BUKIT MRT STATION","BEDOK NORTH MRT STATION",FALSE,4.38175623501207
"Kampong Ubi","NATIONAL HEALTHCARE GROUP POLYCLINICS - KALLANG",-0.897904770687866,-1.0059535905266,-0.520205954479978,"MACPHERSON MRT STATION","GEYLANG BAHRU MRT STATION",FALSE,3.96303583672731
"Defu Industrial Park","SINGHEALTH POLYCLINICS - SENGKANG",-0.483557504831349,-0.556939626681263,-0.520205954479978,"HOUGANG MRT STATION","BUANGKOK MRT STATION",FALSE,4.51688697105404
"Defu Industrial Park","SENGKANG GENERAL HOSPITAL",-0.221807045525783,-0.256180536282232,-0.520205954479978,"HOUGANG MRT STATION","BUANGKOK MRT STATION",FALSE,4.20041261548317
"Hougang East","SINGHEALTH POLYCLINICS - PASIR RIS",-0.619968384016687,1.08330696679791,2.79268459773462,"HOUGANG MRT STATION","TAMPINES MRT STATION",FALSE,3.20850583860251
"Kangkar","SINGHEALTH POLYCLINICS - TAMPINES",-0.464801788612313,0.622017121711798,2.79268459773462,"KOVAN MRT STATION","TAMPINES WEST MRT STATION",FALSE,3.29947197966578
"Kovan","SINGHEALTH POLYCLINICS - SENGKANG",-1.12692160887022,-1.27602297782369,-0.520205954479978,"HOUGANG MRT STATION","BUANGKOK MRT STATION",FALSE,4.31818204617636
"Kovan","SENGKANG GENERAL HOSPITAL",-0.865171149564653,-0.975263887424655,-0.520205954479978,"HOUGANG MRT STATION","BUANGKOK MRT STATION",FALSE,4.06726070347947
"Lorong Ah Soo","SINGHEALTH POLYCLINICS - SENGKANG",-1.0467279795293,-1.18489816707484,-0.520205954479978,"HOUGANG MRT STATION","BUANGKOK MRT STATION",FALSE,4.00936939261238
"International Business Park","NATIONAL UNIVERSITY HOSPITAL",-0.393652319071063,-0.024827389821439,1.13623932162732,"CLEMENTI MRT STATION","ONE-NORTH MRT STATION",TRUE,0.228118914259192
"Jurong Gateway","PIONEER POLYCLINIC",-1.20341025136907,-1.22503085574661,-0.520205954479978,"CHINESE GARDEN MRT STATION","BOON LAY MRT STATION",TRUE,0.0744374289148835
"Lakeside","CLEMENTI POLYCLINIC",-0.292120709954513,-0.186302443065503,-0.520205954479978,"CHINESE GARDEN MRT STATION","JURONG EAST MRT STATION",TRUE,0.195092470121843
"Teban Gardens","NATIONAL UNIVERSITY HOSPITAL",-0.158148635239292,0.249963490260564,1.13623932162732,"CLEMENTI MRT STATION","ONE-NORTH MRT STATION",TRUE,0.411612052422128
"Toh Guan","CHOA CHU KANG POLYCLINIC",-0.406364041603285,-0.2854537915487,-0.520205954479978,"BUKIT BATOK MRT STATION","BUKIT GOMBAK MRT STATION",TRUE,0.177640709957677
"Yuhua East","PIONEER POLYCLINIC",-0.716535061270798,-0.774128294787313,-0.520205954479978,"LAKESIDE MRT STATION","BOON LAY MRT STATION",TRUE,0.195218976525059
"Yuhua West","PIONEER POLYCLINIC",-0.85430568310188,-0.943157736487239,-0.520205954479978,"LAKESIDE MRT STATION","BOON LAY MRT STATION",TRUE,0.487587173346229
"Boon Lay Place","NG TENG FONG GENERAL HOSPITAL & JURONG COMMUNITY HOSPITAL",-0.53863955668712,-0.550329536782383,-0.520205954479978,"LAKESIDE MRT STATION","CHINESE GARDEN MRT STATION",TRUE,0.87996660037736
"Boon Lay Place","CHOA CHU KANG POLYCLINIC",-0.070089705548455,0.630043659446152,1.13623932162732,"LAKESIDE MRT STATION","BUKIT GOMBAK MRT STATION",TRUE,0.568494903912485
"Chin Bee","NG TENG FONG GENERAL HOSPITAL & JURONG COMMUNITY HOSPITAL",-0.637707411927209,-0.677337692696573,-0.520205954479978,"LAKESIDE MRT STATION","CHINESE GARDEN MRT STATION",TRUE,0.839296038546933
"Chin Bee","CLEMENTI POLYCLINIC",-0.673216654506181,-0.471952756552808,-0.520205954479978,"LAKESIDE MRT STATION","JURONG EAST MRT STATION",TRUE,0.462175784648914
"Hong Kah","CHOA CHU KANG POLYCLINIC",-0.255993969568529,0.295289820995739,1.13623932162732,"CHINESE GARDEN MRT STATION","BUKIT GOMBAK MRT STATION",TRUE,0.558459678691364
"Jurong West Central","NG TENG FONG GENERAL HOSPITAL & JURONG COMMUNITY HOSPITAL",-0.937249984492215,-1.00689788908358,-0.520205954479978,"LAKESIDE MRT STATION","CHINESE GARDEN MRT STATION",TRUE,0.887384880516112
"Jurong West Central","CHOA CHU KANG POLYCLINIC",-0.468700133353549,0.173475307144955,1.13623932162732,"LAKESIDE MRT STATION","BUKIT GOMBAK MRT STATION",TRUE,0.582252579573444
"Kian Teck","JURONG POLYCLINIC",-0.296667739260691,-0.318504241043099,-0.520205954479978,"BOON LAY MRT STATION","LAKESIDE MRT STATION",FALSE,1.10415033814693
"Kian Teck","NG TENG FONG GENERAL HOSPITAL & JURONG COMMUNITY HOSPITAL",-0.745120843589335,-0.716526082811361,-0.520205954479978,"BOON LAY MRT STATION","CHINESE GARDEN MRT STATION",TRUE,0.889233329542068
"Kian Teck","CLEMENTI POLYCLINIC",-0.780630086168308,-0.511141146667596,-0.520205954479978,"BOON LAY MRT STATION","JURONG EAST MRT STATION",TRUE,0.590731501075324
"Safti","JURONG POLYCLINIC",-0.395473625734168,-0.247681849269387,-0.520205954479978,"PIONEER MRT STATION","LAKESIDE MRT STATION",FALSE,1.1278803891631
"Safti","NG TENG FONG GENERAL HOSPITAL & JURONG COMMUNITY HOSPITAL",-0.843926730062812,-0.645703691037648,-0.520205954479978,"PIONEER MRT STATION","CHINESE GARDEN MRT STATION",TRUE,0.916993734054075
"Safti","CHOA CHU KANG POLYCLINIC",-0.375376878924147,0.534669505190886,1.13623932162732,"PIONEER MRT STATION","BUKIT GOMBAK MRT STATION",TRUE,0.672153290034975
"Taman Jurong","CLEMENTI POLYCLINIC",-0.503835134837363,-0.388382334259828,-0.520205954479978,"CHINESE GARDEN MRT STATION","JURONG EAST MRT STATION",TRUE,0.370470589359864
"Wenya","CHOA CHU KANG POLYCLINIC",0.550046501184233,1.27924891737185,1.13623932162732,"LAKESIDE MRT STATION","BUKIT GOMBAK MRT STATION",TRUE,0.757866354772005
"Yunnan","NG TENG FONG GENERAL HOSPITAL & JURONG COMMUNITY HOSPITAL",-0.692384035929891,-0.617374734328164,-0.520205954479978,"BOON LAY MRT STATION","CHINESE GARDEN MRT STATION",TRUE,0.907860926610383
"Yunnan","CHOA CHU KANG POLYCLINIC",-0.223834184791226,0.562998461900371,1.13623932162732,"BOON LAY MRT STATION","BUKIT GOMBAK MRT STATION",TRUE,0.672627020442689
"Boon Keng","TAN TOCK SENG HOSPITAL PTE LTD",-1.06581427538239,-0.623040525670061,1.13623932162732,"LAVENDER MRT STATION","NEWTON MRT STATION",FALSE,4.91191743397853
"Crawford","TAN TOCK SENG HOSPITAL PTE LTD",-1.18749253012165,-0.894526360802624,1.13623932162732,"PROMENADE MRT STATION","NEWTON MRT STATION",FALSE,4.66806407927155
"Crawford","NATIONAL HEALTHCARE GROUP POLYCLINICS - GEYLANG",-0.995550509766351,-1.09755055055393,-0.520205954479978,"STADIUM MRT STATION","DAKOTA MRT STATION",FALSE,4.27519968899758
"Crawford","SINGHEALTH POLYCLINICS - OUTRAM",-1.3059273620362,-1.18489816707484,1.13623932162732,"PROMENADE MRT STATION","CHINATOWN MRT STATION",FALSE,3.9802770052837
"Geylang Bahru","KK WOMEN'S AND CHILDREN'S HOSPITAL",-0.961538231568013,-0.368079915284697,-0.520205954479978,"BENDEMEER MRT STATION","ROCHOR MRT STATION",FALSE,5.1193947583615
"Kampong Bugis","TAN TOCK SENG HOSPITAL PTE LTD",-1.00386489943046,-0.568743358643548,1.13623932162732,"LAVENDER MRT STATION","NEWTON MRT STATION",FALSE,4.75037175491064
"Kampong Java","SINGHEALTH POLYCLINICS - OUTRAM",-1.07053595053298,-1.07913672869277,-0.520205954479978,"LITTLE INDIA MRT STATION","CHINATOWN MRT STATION",FALSE,3.16561051730255
"Tanjong Rhu","NATIONAL HEALTHCARE GROUP POLYCLINICS - KALLANG",-0.906175498890872,-0.618791182163638,1.13623932162732,"NICOLL HIGHWAY MRT STATION","FARRER PARK MRT STATION",FALSE,5.98042786682858
"Tanjong Rhu","KK WOMEN'S AND CHILDREN'S HOSPITAL",-0.842273831892528,-0.688197126101876,1.13623932162732,"NICOLL HIGHWAY MRT STATION","ROCHOR MRT STATION",FALSE,4.58522417813415
"Tanjong Rhu","TAN TOCK SENG HOSPITAL PTE LTD",-0.957714735045809,-0.554578880288806,1.13623932162732,"NICOLL HIGHWAY MRT STATION","NEWTON MRT STATION",FALSE,3.82376062588948
"Marina East","SINGHEALTH POLYCLINICS - OUTRAM",-0.262886243071034,-0.342111704967669,-0.520205954479978,"MARINA SOUTH MRT STATION","MAXWELL MRT STATION",FALSE,4.08713579484081
"Marina East","SINGAPORE GENERAL HOSPITAL",-0.0943841899758394,-0.141448261608819,-0.520205954479978,"MARINA SOUTH MRT STATION","MAXWELL MRT STATION",FALSE,3.81012869693266
"Marina South","SINGHEALTH POLYCLINICS - OUTRAM",-1.02397412094365,-1.12351876087096,-0.520205954479978,"MARINA SOUTH MRT STATION","MAXWELL MRT STATION",FALSE,5.15868992532668
"Marina South","SINGAPORE GENERAL HOSPITAL",-0.855472067848458,-0.922855317512108,-0.520205954479978,"MARINA SOUTH MRT STATION","MAXWELL MRT STATION",FALSE,4.71389050407844
"Marina South","KK WOMEN'S AND CHILDREN'S HOSPITAL",-0.610824426591643,-0.618319032885146,-0.520205954479978,"PROMENADE MRT STATION","ROCHOR MRT STATION",FALSE,3.85353943157517
"Marina South","NATIONAL HEALTHCARE GROUP POLYCLINICS - KALLANG",-0.500074011831019,-0.356276183322412,-0.520205954479978,"DOWNTOWN MRT STATION","JALAN BESAR MRT STATION",FALSE,3.69817280964801
"East Coast","CHANGI GENERAL HOSPITAL",0.544457834163197,0.892558658287378,-0.520205954479978,"KEMBANGAN MRT STATION","TANAH MERAH MRT STATION",FALSE,2.96890751418273
"Marina East (Marine Parade)","KK WOMEN'S AND CHILDREN'S HOSPITAL",0.0546760382258622,0.507284847038384,1.13623932162732,"STADIUM MRT STATION","ROCHOR MRT STATION",FALSE,3.59680679960946
"Marina East (Marine Parade)","SINGHEALTH POLYCLINICS - OUTRAM",-0.179199696841968,0.304732806565568,1.13623932162732,"STADIUM MRT STATION","CHINATOWN MRT STATION",FALSE,3.19890362430383
"Marine Parade","CHANGI GENERAL HOSPITAL",0.274087354965809,0.626738614496712,-0.520205954479978,"KEMBANGAN MRT STATION","TANAH MERAH MRT STATION",FALSE,3.00975221138721
"Mountbatten","NATIONAL HEALTHCARE GROUP POLYCLINICS - KALLANG",-0.568210840556242,-0.049851301581484,1.13623932162732,"MOUNTBATTEN MRT STATION","FARRER PARK MRT STATION",FALSE,4.34836132386693
"Mountbatten","KK WOMEN'S AND CHILDREN'S HOSPITAL",-0.504309173557898,-0.0720423176705804,1.13623932162732,"MOUNTBATTEN MRT STATION","ROCHOR MRT STATION",FALSE,3.43381039601117
"Bras Basah","TAN TOCK SENG HOSPITAL PTE LTD",-1.10029435494968,-1.20756133244243,-0.520205954479978,"SOMERSET MRT STATION","NEWTON MRT STATION",FALSE,4.52999466605678
"Dhoby Ghaut","SINGHEALTH POLYCLINICS - OUTRAM",-1.3934249300843,-1.62682989174281,-0.520205954479978,"CLARKE QUAY MRT STATION","CHINATOWN MRT STATION",FALSE,5.60575198212536
"Dhoby Ghaut","SINGAPORE GENERAL HOSPITAL",-1.22363798256239,-1.43183223972585,-0.520205954479978,"CLARKE QUAY MRT STATION","CHINATOWN MRT STATION",FALSE,5.2909495518455
"Dhoby Ghaut","NATIONAL HEALTHCARE GROUP POLYCLINICS - KALLANG",-1.22345086201481,-1.43655373251077,-0.520205954479978,"LITTLE INDIA MRT STATION","FARRER PARK MRT STATION",FALSE,4.88538151411754
"Dhoby Ghaut","TAN TOCK SENG HOSPITAL PTE LTD",-1.34401886817177,-1.4899066009803,-0.520205954479978,"SOMERSET MRT STATION","NEWTON MRT STATION",FALSE,4.88337497436871
"Fort Canning","TAN TOCK SENG HOSPITAL PTE LTD",-0.817399273767648,-0.878001136055424,-0.520205954479978,"SOMERSET MRT STATION","NEWTON MRT STATION",FALSE,4.11659496348379
"Cairnhill","SINGHEALTH POLYCLINICS - OUTRAM",-0.854187173421746,-0.65609097516446,1.13623932162732,"DHOBY GHAUT MRT STATION","TANJONG PAGAR MRT STATION",FALSE,3.80349851868019
"Goodwood Park","SINGHEALTH POLYCLINICS - BUKIT MERAH",-0.524518192696466,0.139480559093573,1.13623932162732,"ORCHARD MRT STATION","TIONG BAHRU MRT STATION",FALSE,2.8653285089249
"Newton Circus","NATIONAL HEALTHCARE GROUP POLYCLINICS - KALLANG",-1.19746605530763,-1.01964591960285,1.13623932162732,"ORCHARD MRT STATION","FARRER PARK MRT STATION",FALSE,4.76953483017344
"Newton Circus","SINGHEALTH POLYCLINICS - OUTRAM",-1.36744012337712,-1.26185849946894,1.13623932162732,"ORCHARD MRT STATION","CHINATOWN MRT STATION",FALSE,3.16213298018876
"Dunearn","KK WOMEN'S AND CHILDREN'S HOSPITAL",-0.571335753700817,-0.606987450201353,-0.520205954479978,"STEVENS MRT STATION","NEWTON MRT STATION",FALSE,2.59819262492892
"Dunearn","NATIONAL HEALTHCARE GROUP POLYCLINICS - KALLANG",-0.63325394289482,-0.408684753234959,1.13623932162732,"STEVENS MRT STATION","FARRER PARK MRT STATION",FALSE,2.01765653940228
"Moulmein","SINGHEALTH POLYCLINICS - OUTRAM",-1.18857159194603,-0.774600444065804,1.13623932162732,"NEWTON MRT STATION","TANJONG PAGAR MRT STATION",FALSE,2.75958108247299
"Boulevard","SINGHEALTH POLYCLINICS - BUKIT MERAH",-0.852004100366654,-0.678754140532047,1.13623932162732,"GREAT WORLD MRT STATION","TIONG BAHRU MRT STATION",FALSE,3.74910214987413
"Boulevard","SINGAPORE GENERAL HOSPITAL",-1.03251929261644,-1.21322712378433,-0.520205954479978,"GREAT WORLD MRT STATION","HAVELOCK MRT STATION",FALSE,3.72861690752649
"Boulevard","SINGHEALTH POLYCLINICS - OUTRAM",-1.20102134571164,-1.41389056714318,-0.520205954479978,"GREAT WORLD MRT STATION","HAVELOCK MRT STATION",FALSE,3.69960694941506
"Somerset","SINGHEALTH POLYCLINICS - OUTRAM",-1.38868454287896,-1.27696727638067,1.13623932162732,"DHOBY GHAUT MRT STATION","TANJONG PAGAR MRT STATION",FALSE,5.04987585337493
"Somerset","SINGAPORE GENERAL HOSPITAL",-1.22018248978376,-1.07630383302182,1.13623932162732,"DHOBY GHAUT MRT STATION","TANJONG PAGAR MRT STATION",FALSE,4.95373709746226
"Somerset","TAN TOCK SENG HOSPITAL PTE LTD",-1.34926448085558,-1.57347702327328,-0.520205954479978,"ORCHARD MRT STATION","NEWTON MRT STATION",FALSE,4.70823983196441
"Tanglin","SINGAPORE GENERAL HOSPITAL",-0.997808431040475,-1.07535953446484,-0.520205954479978,"ORCHARD MRT STATION","HAVELOCK MRT STATION",FALSE,3.31195551792271
"China Square","KK WOMEN'S AND CHILDREN'S HOSPITAL",-0.748270706140254,-0.901608599979995,-0.520205954479978,"CLARKE QUAY MRT STATION","DHOBY GHAUT MRT STATION",FALSE,4.47493854943015
"China Square","SINGHEALTH POLYCLINICS - BUKIT MERAH",-0.647967855286142,-0.616430435771181,-0.520205954479978,"TANJONG PAGAR MRT STATION","TIONG BAHRU MRT STATION",FALSE,4.03416980596272
"China Square","NATIONAL HEALTHCARE GROUP POLYCLINICS - KALLANG",-1.0327625493283,-1.08480252003466,-0.520205954479978,"CLARKE QUAY MRT STATION","FARRER PARK MRT STATION",FALSE,3.39781344812663
"Chinatown","KK WOMEN'S AND CHILDREN'S HOSPITAL",-0.684768229643412,-0.804817997889255,-0.520205954479978,"CLARKE QUAY MRT STATION","DHOBY GHAUT MRT STATION",FALSE,3.70679152141932
"Pearl's Hill","TAN TOCK SENG HOSPITAL PTE LTD",-0.709605363658777,-0.44267950128634,1.13623932162732,"CLARKE QUAY MRT STATION","NEWTON MRT STATION",FALSE,3.025649457239
"People's Park","KK WOMEN'S AND CHILDREN'S HOSPITAL",-0.881375788985024,-0.961099409069913,-0.520205954479978,"CHINATOWN MRT STATION","DHOBY GHAUT MRT STATION",FALSE,3.7696430105779
"People's Park","ALEXANDRA HOSPITAL",-0.678524640705849,-0.751937278698217,-0.520205954479978,"TIONG BAHRU MRT STATION","REDHILL MRT STATION",FALSE,2.97462230221841
"Flora Drive","NATIONAL HEALTHCARE GROUP POLYCLINICS - HOUGANG",-0.123294314576847,1.13760413382442,2.79268459773462,"TAMPINES MRT STATION","KOVAN MRT STATION",FALSE,2.9361032084909
"Loyang East","SINGHEALTH POLYCLINICS - SENGKANG",0.389815176292045,2.03374346440112,2.79268459773462,"TAMPINES MRT STATION","BUANGKOK MRT STATION",FALSE,2.88649217548783
"Pasir Ris Central","SINGHEALTH POLYCLINICS - BEDOK",-0.922642107077854,-0.785932026749599,-0.520205954479978,"TAMPINES MRT STATION","TANAH MERAH MRT STATION",FALSE,4.48635797575664
"Pasir Ris Central","SINGHEALTH POLYCLINICS - SENGKANG",-1.13504887798675,0.540335296532783,2.79268459773462,"TAMPINES MRT STATION","BUANGKOK MRT STATION",FALSE,3.74971780659453
"Pasir Ris Drive","SINGHEALTH POLYCLINICS - BEDOK",-0.116514313402889,0.124843931460339,-0.520205954479978,"TAMPINES MRT STATION","TANAH MERAH MRT STATION",FALSE,4.50331379194465
"Pasir Ris Drive","SINGHEALTH POLYCLINICS - SENGKANG",-0.328921084311783,1.41758865596983,2.79268459773462,"TAMPINES MRT STATION","BUANGKOK MRT STATION",FALSE,3.2571388716335
"Pasir Ris Park","SINGHEALTH POLYCLINICS - BEDOK",-0.291827554429972,-0.089511840974763,-0.520205954479978,"TAMPINES MRT STATION","TANAH MERAH MRT STATION",FALSE,3.92253554978416
"Pasir Ris Park","SINGHEALTH POLYCLINICS - SENGKANG",-0.504234325338866,1.13807628310291,2.79268459773462,"TAMPINES MRT STATION","BUANGKOK MRT STATION",FALSE,3.55933259023117
"Pasir Ris West","SINGHEALTH POLYCLINICS - SENGKANG",-0.338719963653355,1.40908996895698,2.79268459773462,"TAMPINES MRT STATION","BUANGKOK MRT STATION",FALSE,4.42283068855359
"Pasir Ris West","SENGKANG GENERAL HOSPITAL",-0.0769695043477888,1.70937691007752,2.79268459773462,"TAMPINES MRT STATION","BUANGKOK MRT STATION",FALSE,4.2782883575535
"Paya Lebar East","NATIONAL HEALTHCARE GROUP POLYCLINICS - HOUGANG",0.329693344354803,1.29719058995452,2.79268459773462,"BEDOK RESERVOIR MRT STATION","KOVAN MRT STATION",FALSE,4.96155100629629
"Benoi Sector","JURONG POLYCLINIC",0.318335127116737,0.500674757139504,-0.520205954479978,"PIONEER MRT STATION","LAKESIDE MRT STATION",FALSE,1.00602413216637
"Benoi Sector","NG TENG FONG GENERAL HOSPITAL & JURONG COMMUNITY HOSPITAL",-0.130117977211907,0.102652915371242,-0.520205954479978,"PIONEER MRT STATION","CHINESE GARDEN MRT STATION",TRUE,0.912104149506908
"Benoi Sector","CLEMENTI POLYCLINIC",-0.16562721979088,0.308037851515008,-0.520205954479978,"PIONEER MRT STATION","JURONG EAST MRT STATION",TRUE,0.692948776422408
"Gul Basin","JURONG POLYCLINIC",0.914245460289487,1.19426204724339,-0.520205954479978,"PIONEER MRT STATION","LAKESIDE MRT STATION",TRUE,0.976839749479189
"Gul Basin","NG TENG FONG GENERAL HOSPITAL & JURONG COMMUNITY HOSPITAL",0.465792355960842,0.795768056196638,-0.520205954479978,"PIONEER MRT STATION","CHINESE GARDEN MRT STATION",TRUE,0.929352790837363
"Gul Basin","CLEMENTI POLYCLINIC",0.43028311338187,1.0011529923404,-0.520205954479978,"PIONEER MRT STATION","JURONG EAST MRT STATION",TRUE,0.768340804896235
"Gul Circle","JURONG POLYCLINIC",0.67330904322633,0.930330600566691,-0.520205954479978,"PIONEER MRT STATION","LAKESIDE MRT STATION",FALSE,1.0263222827982
"Gul Circle","NG TENG FONG GENERAL HOSPITAL & JURONG COMMUNITY HOSPITAL",0.224855938897685,0.532308758798429,-0.520205954479978,"PIONEER MRT STATION","CHINESE GARDEN MRT STATION",TRUE,0.932082299292526
"Gul Circle","CLEMENTI POLYCLINIC",0.189346696318713,0.737693694942194,-0.520205954479978,"PIONEER MRT STATION","JURONG EAST MRT STATION",TRUE,0.750015399816966
"Joo Koon","JURONG POLYCLINIC",-0.709767534800012,-0.594711568960576,-0.520205954479978,"PIONEER MRT STATION","LAKESIDE MRT STATION",FALSE,1.06505327501805
"Joo Koon","NG TENG FONG GENERAL HOSPITAL & JURONG COMMUNITY HOSPITAL",-1.15822063912866,-0.992733410728838,-0.520205954479978,"PIONEER MRT STATION","CHINESE GARDEN MRT STATION",TRUE,0.919939361030163
"Joo Koon","CLEMENTI POLYCLINIC",-1.19372988170763,-0.787348474585073,-0.520205954479978,"PIONEER MRT STATION","JURONG EAST MRT STATION",TRUE,0.692335472953445
"Pioneer Sector","JURONG POLYCLINIC",0.887237727922202,1.28397041015676,-0.520205954479978,"JOO KOON MRT STATION","LAKESIDE MRT STATION",TRUE,0.991883776069779
"Pioneer Sector","NG TENG FONG GENERAL HOSPITAL & JURONG COMMUNITY HOSPITAL",0.438784623593558,0.885476419110007,-0.520205954479978,"JOO KOON MRT STATION","CHINESE GARDEN MRT STATION",TRUE,0.941393060788328
"Pioneer Sector","CLEMENTI POLYCLINIC",0.403275381014585,1.09086135525377,-0.520205954479978,"JOO KOON MRT STATION","JURONG EAST MRT STATION",TRUE,0.803673462297149
"Coney Island","NATIONAL HEALTHCARE GROUP POLYCLINICS - HOUGANG",0.615176926445015,0.694255961320984,-0.520205954479978,"PUNGGOL MRT STATION","BUANGKOK MRT STATION",FALSE,3.91634278523386
"Matilda","NATIONAL HEALTHCARE GROUP POLYCLINICS - HOUGANG",-0.668788134880137,-0.74627148735632,-0.520205954479978,"SENGKANG MRT STATION","BUANGKOK MRT STATION",FALSE,5.16287901697138
"Northshore","INSTITUTE OF MENTAL HEALTH",-0.336268684480065,-0.139087515216361,1.13623932162732,"SAM KEE LRT STATION","SENGKANG MRT STATION",FALSE,4.66906079481704
"Northshore","NATIONAL HEALTHCARE GROUP POLYCLINICS - HOUGANG",-1.07334899609825,-0.858170866358785,1.13623932162732,"SAM KEE LRT STATION","BUANGKOK MRT STATION",FALSE,3.79948151871584
"Northshore","SINGHEALTH POLYCLINICS - PASIR RIS",-1.05605905750192,1.09038920597528,4.44912987384192,"SAM KEE LRT STATION","TAMPINES MRT STATION",FALSE,3.13987930671593
"Punggol Canal","SINGHEALTH POLYCLINICS - PASIR RIS",-0.541652197503148,1.57953585849239,4.44912987384192,"DAMAI LRT STATION","TAMPINES MRT STATION",FALSE,4.29708861468882
"Punggol Canal","NATIONAL HEALTHCARE GROUP POLYCLINICS - HOUGANG",-0.558942136099479,-0.385077289310388,1.13623932162732,"DAMAI LRT STATION","BUANGKOK MRT STATION",FALSE,4.16903926744188
"Punggol Field","NATIONAL HEALTHCARE GROUP POLYCLINICS - HOUGANG",-1.13829230081146,-0.937491945145342,1.13623932162732,"MERIDIAN LRT STATION","BUANGKOK MRT STATION",FALSE,5.55072994478043
"Punggol Field","SINGHEALTH POLYCLINICS - PASIR RIS",-1.12100236221513,1.01059597791023,4.44912987384192,"MERIDIAN LRT STATION","TAMPINES MRT STATION",FALSE,4.28194785881786
"Punggol Town Centre","NATIONAL HEALTHCARE GROUP POLYCLINICS - HOUGANG",-0.918700100875516,-1.0224788152738,-0.520205954479978,"SENGKANG MRT STATION","BUANGKOK MRT STATION",FALSE,4.40057922640576
"Punggol Town Centre","SINGHEALTH POLYCLINICS - PASIR RIS",-0.901410162279185,0.843927282602763,2.79268459773462,"SENGKANG MRT STATION","TAMPINES MRT STATION",FALSE,3.05814086203935
"Waterway East","INSTITUTE OF MENTAL HEALTH",-0.323974864504102,-0.193856831521365,1.13623932162732,"DAMAI LRT STATION","SENGKANG MRT STATION",FALSE,5.41933381078596
"Waterway East","NATIONAL HEALTHCARE GROUP POLYCLINICS - HOUGANG",-1.06105517612229,-0.91341233194228,1.13623932162732,"DAMAI LRT STATION","BUANGKOK MRT STATION",FALSE,4.68897198537785
"Waterway East","SINGHEALTH POLYCLINICS - PASIR RIS",-1.04376523752596,1.03514774039179,4.44912987384192,"DAMAI LRT STATION","TAMPINES MRT STATION",FALSE,4.32980727979955
"Commonwealth","CLEMENTI POLYCLINIC",-1.07667350449358,-1.17781592789747,-0.520205954479978,"BUONA VISTA MRT STATION","DOVER MRT STATION",FALSE,1.90429133229398
"Dover","SINGHEALTH POLYCLINICS - BUKIT MERAH",-0.355323793575228,-0.283565194434734,-0.520205954479978,"BUONA VISTA MRT STATION","QUEENSTOWN MRT STATION",FALSE,1.15303642817466
"Ghim Moh","SINGHEALTH POLYCLINICS - BUKIT MERAH",-0.656294719653423,-0.687252827544893,-0.520205954479978,"COMMONWEALTH MRT STATION","QUEENSTOWN MRT STATION",FALSE,1.30935348901139
"Holland Drive","NATIONAL UNIVERSITY HOSPITAL",-1.17342730229527,-1.41672346281413,-0.520205954479978,"BUONA VISTA MRT STATION","ONE-NORTH MRT STATION",FALSE,3.24019170766005
"Holland Drive","SINGHEALTH POLYCLINICS - BUKIT MERAH",-0.68035218472054,-0.709443843633989,-0.520205954479978,"COMMONWEALTH MRT STATION","QUEENSTOWN MRT STATION",FALSE,1.81865142041644
"Margaret Drive","NATIONAL UNIVERSITY HOSPITAL",-0.917047202705232,-0.878473285333915,1.13623932162732,"COMMONWEALTH MRT STATION","ONE-NORTH MRT STATION",FALSE,3.02006557240628
"Margaret Drive","SINGAPORE GENERAL HOSPITAL",-0.822170847730921,-0.915773078334737,-0.520205954479978,"REDHILL MRT STATION","TIONG BAHRU MRT STATION",FALSE,2.3132144971533
"Mei Chin","NATIONAL UNIVERSITY HOSPITAL",-1.05223556097972,-0.99037266433638,1.13623932162732,"COMMONWEALTH MRT STATION","ONE-NORTH MRT STATION",FALSE,3.65849604409339
"Mei Chin","SINGAPORE GENERAL HOSPITAL",-0.957359206005408,-1.02720030805871,-0.520205954479978,"REDHILL MRT STATION","TIONG BAHRU MRT STATION",FALSE,2.07146427415496
"National University Of Singapore","SINGHEALTH POLYCLINICS - BUKIT MERAH",-0.188087922851986,0.0729075108262837,1.13623932162732,"ONE-NORTH MRT STATION","QUEENSTOWN MRT STATION",FALSE,1.22519496877621
"Pasir Panjang 1","CLEMENTI POLYCLINIC",-1.01021452334499,-0.833619103877231,1.13623932162732,"KENT RIDGE MRT STATION","DOVER MRT STATION",FALSE,2.05475506614189
"Pasir Panjang 1","SINGHEALTH POLYCLINICS - BUKIT MERAH",-0.725934750110867,-0.40585185756401,1.13623932162732,"KENT RIDGE MRT STATION","QUEENSTOWN MRT STATION",FALSE,1.63534616924141
"Port","SINGHEALTH POLYCLINICS - BUKIT MERAH",-0.290193368314446,0.0577987339145584,1.13623932162732,"KENT RIDGE MRT STATION","QUEENSTOWN MRT STATION",FALSE,1.45639940980136
"Singapore Polytechnic","ALEXANDRA HOSPITAL",-0.619831162281796,-0.700945156621144,-0.520205954479978,"BUONA VISTA MRT STATION","COMMONWEALTH MRT STATION",FALSE,1.2306047520259
"Tanglin Halt","CLEMENTI POLYCLINIC",-1.1561124142926,-1.2807444706086,-0.520205954479978,"BUONA VISTA MRT STATION","DOVER MRT STATION",FALSE,1.9819805004253
"Institution Hill","TAN TOCK SENG HOSPITAL PTE LTD",-0.868501895311566,-1.00925863547604,-0.520205954479978,"ORCHARD MRT STATION","NEWTON MRT STATION",FALSE,3.66111052828955
"Leonie Hill","TAN TOCK SENG HOSPITAL PTE LTD",-0.895228946857481,-1.06119505611009,-0.520205954479978,"ORCHARD MRT STATION","NEWTON MRT STATION",FALSE,3.81723089168511
"One Tree Hill","SINGAPORE GENERAL HOSPITAL",-0.876847471733604,-0.955905767006507,-0.520205954479978,"ORCHARD MRT STATION","HAVELOCK MRT STATION",FALSE,3.87413115032585
"One Tree Hill","SINGHEALTH POLYCLINICS - OUTRAM",-1.0453495248288,-1.15656921036536,-0.520205954479978,"ORCHARD MRT STATION","HAVELOCK MRT STATION",FALSE,3.74682513128751
"Oxley","TAN TOCK SENG HOSPITAL PTE LTD",-1.02308841701844,-1.19670189903713,-0.520205954479978,"ORCHARD MRT STATION","NEWTON MRT STATION",FALSE,4.28104374239358
"Paterson","SINGAPORE GENERAL HOSPITAL",-1.08699008401679,-1.29490894896334,-0.520205954479978,"GREAT WORLD MRT STATION","HAVELOCK MRT STATION",FALSE,4.39284590055617
"Paterson","SINGHEALTH POLYCLINICS - OUTRAM",-1.25549213711198,-1.49557239232219,-0.520205954479978,"GREAT WORLD MRT STATION","HAVELOCK MRT STATION",FALSE,4.31431167752636
"Farrer Park","SINGHEALTH POLYCLINICS - OUTRAM",-1.07342384431729,-1.16837294232764,-0.520205954479978,"DHOBY GHAUT MRT STATION","CHINATOWN MRT STATION",FALSE,3.60395788768158
"Kampong Glam","SINGHEALTH POLYCLINICS - OUTRAM",-1.06144812927221,-1.14051613489665,-0.520205954479978,"CITY HALL MRT STATION","TANJONG PAGAR MRT STATION",FALSE,4.09360135817183
"Kampong Glam","SINGAPORE GENERAL HOSPITAL",-0.892946076177013,-0.939852691537799,-0.520205954479978,"CITY HALL MRT STATION","TANJONG PAGAR MRT STATION",FALSE,3.84510992050007
"Mackenzie","SINGHEALTH POLYCLINICS - OUTRAM",-1.04022865917671,-1.14146043345363,-0.520205954479978,"DHOBY GHAUT MRT STATION","CHINATOWN MRT STATION",FALSE,4.02698280667057
"Mackenzie","SINGAPORE GENERAL HOSPITAL",-0.870441711654805,-0.946462781436679,-0.520205954479978,"DHOBY GHAUT MRT STATION","CHINATOWN MRT STATION",FALSE,3.85938928883643
"Rochor Canal","SINGHEALTH POLYCLINICS - OUTRAM",-1.10280177028724,-1.21133852667036,-0.520205954479978,"CITY HALL MRT STATION","TANJONG PAGAR MRT STATION",FALSE,4.01470808976487
"Selegie","SINGHEALTH POLYCLINICS - OUTRAM",-0.948308808854154,-1.11643652169359,-0.520205954479978,"CLARKE QUAY MRT STATION","CHINATOWN MRT STATION",FALSE,4.66221374970025
"Victoria","SINGHEALTH POLYCLINICS - OUTRAM",-1.15556976470462,-1.26091420091196,-0.520205954479978,"CITY HALL MRT STATION","TANJONG PAGAR MRT STATION",FALSE,4.91587925997418
"Victoria","SINGAPORE GENERAL HOSPITAL",-0.987067711609421,-1.06025075755311,-0.520205954479978,"CITY HALL MRT STATION","TANJONG PAGAR MRT STATION",FALSE,4.58173397977647
"Seletar","NATIONAL HEALTHCARE GROUP POLYCLINICS - HOUGANG",-0.76572281587782,-0.493671623363413,1.13623932162732,"FARMWAY LRT STATION","BUANGKOK MRT STATION",FALSE,4.07678126522968
"Seletar","KHOO TECK PUAT HOSPITAL",-0.019473597428244,1.62769508489851,4.44912987384192,"FARMWAY LRT STATION","YIO CHU KANG MRT STATION",FALSE,3.58682393258664
"Admiralty","NATIONAL HEALTHCARE GROUP POLYCLINICS - KHATIB",-0.845442406498205,-0.891221315853184,-0.520205954479978,"CANBERRA MRT STATION","YISHUN MRT STATION",FALSE,4.08146776772726
"Sembawang Central","NATIONAL HEALTHCARE GROUP POLYCLINICS - KHATIB",-1.08864921953866,-1.16884509160614,-0.520205954479978,"CANBERRA MRT STATION","YISHUN MRT STATION",FALSE,4.23288730336534
"Sembawang North","NATIONAL HEALTHCARE GROUP POLYCLINICS - KHATIB",-0.608235925683463,-0.654202378050494,-0.520205954479978,"CANBERRA MRT STATION","YISHUN MRT STATION",FALSE,3.39347441711444
"The Wharves","NATIONAL HEALTHCARE GROUP POLYCLINICS - KHATIB",-0.200986765931789,-0.174970860381709,-0.520205954479978,"CANBERRA MRT STATION","YISHUN MRT STATION",FALSE,3.25702794905169
"Anchorvale","NATIONAL HEALTHCARE GROUP POLYCLINICS - HOUGANG",-0.985059284398736,-0.800568654382832,1.13623932162732,"CHENG LIM LRT STATION","BUANGKOK MRT STATION",FALSE,6.68480461969402
"Fernvale","SENGKANG GENERAL HOSPITAL",-1.30831626769363,-1.59094654657746,-0.520205954479978,"KUPANG LRT STATION","FARMWAY LRT STATION",FALSE,8.31857764225781
"Fernvale","SINGHEALTH POLYCLINICS - SENGKANG",-1.31042449252969,-1.49462809376521,-0.520205954479978,"FERNVALE LRT STATION","RENJONG LRT STATION",FALSE,7.92169534219811
"Fernvale","NATIONAL HEALTHCARE GROUP POLYCLINICS - HOUGANG",-1.15459050050562,-0.874696091105984,1.13623932162732,"KUPANG LRT STATION","BUANGKOK MRT STATION",FALSE,5.36666213690997
"Lorong Halus North","SINGHEALTH POLYCLINICS - PASIR RIS",-0.628588403908509,1.50588057104772,4.44912987384192,"RANGGUNG LRT STATION","TAMPINES MRT STATION",FALSE,4.63675627334837
"Rivervale","NATIONAL HEALTHCARE GROUP POLYCLINICS - HOUGANG",-1.27273217689563,-1.10227204333885,1.13623932162732,"RUMBIA LRT STATION","BUANGKOK MRT STATION",FALSE,7.44446227339917
"Rivervale","SINGHEALTH POLYCLINICS - PASIR RIS",-1.2554422382993,0.764606203816205,4.44912987384192,"RUMBIA LRT STATION","TAMPINES MRT STATION",FALSE,3.82979380045378
"Sengkang Town Centre","SINGHEALTH POLYCLINICS - PASIR RIS",-1.12536227097372,0.533725206633904,2.79268459773462,"BUANGKOK MRT STATION","TAMPINES MRT STATION",FALSE,3.14102109454645
"Serangoon Central","NATIONAL HEALTHCARE GROUP POLYCLINICS - GEYLANG",-0.828464335481173,-0.891221315853184,-0.520205954479978,"BARTLEY MRT STATION","MACPHERSON MRT STATION",FALSE,3.6237750691077
"Upper Paya Lebar","NATIONAL HEALTHCARE GROUP POLYCLINICS - GEYLANG",-0.683489572568287,-0.807178744281712,-0.520205954479978,"TAI SENG MRT STATION","MACPHERSON MRT STATION",FALSE,4.7958939582417
"Upper Paya Lebar","NATIONAL HEALTHCARE GROUP POLYCLINICS - KALLANG",-0.869599669190698,-1.00075994846319,-0.520205954479978,"WOODLEIGH MRT STATION","POTONG PASIR MRT STATION",FALSE,3.97801003966324
"Simpang South","SENGKANG GENERAL HOSPITAL",0.47910286424532,1.78114360040822,2.79268459773462,"KHATIB MRT STATION","BUANGKOK MRT STATION",FALSE,2.84028139444081
"Boat Quay","SINGHEALTH POLYCLINICS - BUKIT MERAH",-0.623586047936554,-0.566382612251091,-0.520205954479978,"TANJONG PAGAR MRT STATION","TIONG BAHRU MRT STATION",FALSE,3.84160608428696
"Boat Quay","NATIONAL HEALTHCARE GROUP POLYCLINICS - KALLANG",-1.07214518724216,-1.15704135964385,-0.520205954479978,"DHOBY GHAUT MRT STATION","FARRER PARK MRT STATION",FALSE,3.74806785946793
"Clarke Quay","NATIONAL HEALTHCARE GROUP POLYCLINICS - KALLANG",-1.17499911489494,-1.30057474030524,-0.520205954479978,"DHOBY GHAUT MRT STATION","FARRER PARK MRT STATION",FALSE,3.6825541388256
"Straits View","SINGHEALTH POLYCLINICS - OUTRAM",-0.66734106931219,-0.591406524011136,1.13623932162732,"MARINA BAY MRT STATION","TANJONG PAGAR MRT STATION",FALSE,6.25362904038698
"Straits View","SINGAPORE GENERAL HOSPITAL",-0.498839016216995,-0.390743080652285,1.13623932162732,"MARINA BAY MRT STATION","TANJONG PAGAR MRT STATION",FALSE,5.67618962895451
"Straits View","SINGHEALTH POLYCLINICS - BUKIT MERAH",-0.334303918730482,0.0308862250405478,1.13623932162732,"MARINA BAY MRT STATION","TIONG BAHRU MRT STATION",FALSE,3.11577193093897
"Straits View","NATIONAL HEALTHCARE GROUP POLYCLINICS - KALLANG",-0.440451168020655,-0.147586202229207,1.13623932162732,"MARINA BAY MRT STATION","FARRER PARK MRT STATION",FALSE,2.9432454423577
"Gali Batu","BUKIT BATOK POLYCLINIC",0.557880614776221,0.713141932460641,-0.520205954479978,"CHOA CHU KANG MRT STATION","BUKIT GOMBAK MRT STATION",FALSE,1.42632800589736
"Kranji","BUKIT PANJANG POLYCLINIC",-0.140303572351809,0.342032599566389,1.13623932162732,"YEW TEE MRT STATION","BUKIT PANJANG LRT STATION",FALSE,2.02009194736105
"Kranji","NATIONAL HEALTHCARE GROUP POLYCLINICS - SEMBAWANG",-0.035522303058965,0.118233841561459,-0.520205954479978,"MARSILING MRT STATION","ADMIRALTY MRT STATION",FALSE,1.58786334035603
"Pang Sua","BUKIT BATOK POLYCLINIC",0.594325460093091,0.766966950208662,-0.520205954479978,"CHOA CHU KANG MRT STATION","BUKIT GOMBAK MRT STATION",FALSE,1.32644251796288
"Turf Club","BUKIT PANJANG POLYCLINIC",-0.449882043618654,0.0223875380277023,1.13623932162732,"YEW TEE MRT STATION","BUKIT PANJANG LRT STATION",FALSE,2.4995041611902
"Turf Club","NATIONAL HEALTHCARE GROUP POLYCLINICS - SEMBAWANG",-0.34510077432581,-0.200939070698737,-0.520205954479978,"MARSILING MRT STATION","ADMIRALTY MRT STATION",FALSE,1.34600011877737
"Simei","SINGHEALTH POLYCLINICS - MARINE PARADE",0.1944675619708,0.565359208292828,-0.520205954479978,"TANAH MERAH MRT STATION","KEMBANGAN MRT STATION",FALSE,3.61290438496396
"Tampines East","SINGHEALTH POLYCLINICS - BEDOK",-0.565067215356909,-0.519639833680441,-0.520205954479978,"SIMEI MRT STATION","TANAH MERAH MRT STATION",FALSE,6.46087187456795
"Tampines East","NATIONAL HEALTHCARE GROUP POLYCLINICS - HOUGANG",-0.733357198498181,0.533253057355412,2.79268459773462,"TAMPINES MRT STATION","KOVAN MRT STATION",FALSE,3.33072065146729
"Tampines West","NATIONAL HEALTHCARE GROUP POLYCLINICS - HOUGANG",-0.790903004230413,0.259406475830392,2.79268459773462,"BEDOK RESERVOIR MRT STATION","KOVAN MRT STATION",FALSE,3.83141791053715
"Xilin","SINGHEALTH POLYCLINICS - TAMPINES",-0.565478880561584,-0.611236793707775,-0.520205954479978,"UPPER CHANGI MRT STATION","TAMPINES EAST MRT STATION",FALSE,6.2864018881822
"Nassim","SINGHEALTH POLYCLINICS - BUKIT MERAH",-0.616207261010343,-0.0791245568479519,1.13623932162732,"NAPIER MRT STATION","TIONG BAHRU MRT STATION",FALSE,2.86019310592897
"Ridout","SINGAPORE GENERAL HOSPITAL",-0.669149901272123,-0.675449095582607,-0.520205954479978,"ORCHARD BOULEVARD MRT STATION","HAVELOCK MRT STATION",FALSE,2.24506022481605
"Bidadari","NATIONAL HEALTHCARE GROUP POLYCLINICS - HOUGANG",-1.07997930083415,-1.16884509160614,-0.520205954479978,"SERANGOON MRT STATION","KOVAN MRT STATION",FALSE,4.1767240277421
"Boon Teck","NATIONAL HEALTHCARE GROUP POLYCLINICS - GEYLANG",-0.350708153401604,0.218329488601639,1.13623932162732,"BRADDELL MRT STATION","MACPHERSON MRT STATION",FALSE,3.01840279501128
"Braddell","NATIONAL HEALTHCARE GROUP POLYCLINICS - KALLANG",-0.986999100741975,-0.437013709944444,1.13623932162732,"TOA PAYOH MRT STATION","FARRER PARK MRT STATION",FALSE,4.32813993834953
"Joo Seng","NATIONAL HEALTHCARE GROUP POLYCLINICS - HOUGANG",-0.746861064681823,-0.50264245965475,1.13623932162732,"BARTLEY MRT STATION","KOVAN MRT STATION",FALSE,4.15796313814753
"Joo Seng","TAN TOCK SENG HOSPITAL PTE LTD",-0.77270241230253,-0.315199196093659,1.13623932162732,"BARTLEY MRT STATION","TOA PAYOH MRT STATION",FALSE,3.62138777680693
"Potong Pasir","TAN TOCK SENG HOSPITAL PTE LTD",-0.925087148899558,-0.4724249058313,1.13623932162732,"BOON KENG MRT STATION","NEWTON MRT STATION",FALSE,5.51258028596603
"Potong Pasir","KK WOMEN'S AND CHILDREN'S HOSPITAL",-0.708632336811364,-0.788292773142055,-0.520205954479978,"BOON KENG MRT STATION","FARRER PARK MRT STATION",FALSE,4.3403249749026
"Sennett","TAN TOCK SENG HOSPITAL PTE LTD",-0.880945411725592,-0.411989798184399,1.13623932162732,"BOON KENG MRT STATION","NEWTON MRT STATION",FALSE,4.45100455798038
"Sennett","KK WOMEN'S AND CHILDREN'S HOSPITAL",-0.664490599637398,-0.727385516216663,-0.520205954479978,"BOON KENG MRT STATION","FARRER PARK MRT STATION",FALSE,3.84942684717292
"Toa Payoh Central","NATIONAL HEALTHCARE GROUP POLYCLINICS - KALLANG",-1.02005706414766,-0.774600444065804,2.79268459773462,"NOVENA MRT STATION","FARRER PARK MRT STATION",FALSE,5.19868654763469
"Toa Payoh Central","NATIONAL HEALTHCARE GROUP POLYCLINICS - ANG MO KIO",-0.901659656342624,-0.971486693196724,-0.520205954479978,"BRADDELL MRT STATION","BISHAN MRT STATION",FALSE,2.54261407405479
"Toa Payoh West","NATIONAL HEALTHCARE GROUP POLYCLINICS - KALLANG",-0.717002862639746,-0.380355796525474,2.79268459773462,"TOA PAYOH MRT STATION","FARRER PARK MRT STATION",FALSE,3.55991927976327
"Woodleigh","KK WOMEN'S AND CHILDREN'S HOSPITAL",-0.932553258747973,-0.992733410728838,-0.520205954479978,"POTONG PASIR MRT STATION","FARRER PARK MRT STATION",FALSE,3.62052862306257
"Tengeh","PIONEER POLYCLINIC",-0.138476028337118,0.122483185067882,-0.520205954479978,"TUAS CRESCENT MRT STATION","JOO KOON MRT STATION",FALSE,1.7892272893111
"Tengeh","JURONG POLYCLINIC",0.213828301293676,0.849593073944659,-0.520205954479978,"TUAS CRESCENT MRT STATION","LAKESIDE MRT STATION",FALSE,1.1007263720913
"Tengeh","NG TENG FONG GENERAL HOSPITAL & JURONG COMMUNITY HOSPITAL",-0.234624803034968,0.451099082897906,-0.520205954479978,"TUAS CRESCENT MRT STATION","CHINESE GARDEN MRT STATION",TRUE,0.94659166042354
"Tengeh","CHOA CHU KANG POLYCLINIC",0.233925048103697,1.63147227912644,1.13623932162732,"TUAS CRESCENT MRT STATION","BUKIT GOMBAK MRT STATION",TRUE,0.806484519077797
"Tuas Bay","PIONEER POLYCLINIC",-0.630041706828042,-0.549857387503892,-0.520205954479978,"GUL CIRCLE MRT STATION","JOO KOON MRT STATION",FALSE,1.61432368583845
"Tuas Bay","JURONG POLYCLINIC",-0.277737377197248,0.177252501372886,-0.520205954479978,"GUL CIRCLE MRT STATION","LAKESIDE MRT STATION",FALSE,1.0464857316372
"Tuas Bay","NG TENG FONG GENERAL HOSPITAL & JURONG COMMUNITY HOSPITAL",-0.726190481525892,-0.220769340395376,-0.520205954479978,"GUL CIRCLE MRT STATION","CHINESE GARDEN MRT STATION",TRUE,0.948259122412809
"Tuas Bay","CLEMENTI POLYCLINIC",-0.761699724104865,-0.015384404251611,-0.520205954479978,"GUL CIRCLE MRT STATION","JURONG EAST MRT STATION",TRUE,0.792005212043868
"Tuas North","PIONEER POLYCLINIC",-0.714433073786324,-0.640037899695751,-0.520205954479978,"GUL CIRCLE MRT STATION","JOO KOON MRT STATION",FALSE,1.75434112495119
"Tuas North","JURONG POLYCLINIC",-0.36212874415553,0.0870719891810259,-0.520205954479978,"GUL CIRCLE MRT STATION","LAKESIDE MRT STATION",FALSE,1.06863701394918
"Tuas North","NG TENG FONG GENERAL HOSPITAL & JURONG COMMUNITY HOSPITAL",-0.810581848484174,-0.311422001865727,-0.520205954479978,"GUL CIRCLE MRT STATION","CHINESE GARDEN MRT STATION",TRUE,0.944340099568433
"Tuas North","CHOA CHU KANG POLYCLINIC",-0.342031997345509,0.868951194362807,1.13623932162732,"GUL CIRCLE MRT STATION","BUKIT GOMBAK MRT STATION",TRUE,0.768259067773249
"Tuas Promenade","PIONEER POLYCLINIC",-0.597651140042058,-0.389798782095302,-0.520205954479978,"TUAS CRESCENT MRT STATION","JOO KOON MRT STATION",FALSE,1.59281642947014
"Tuas Promenade","JURONG POLYCLINIC",-0.245346810411264,0.337311106781475,-0.520205954479978,"TUAS CRESCENT MRT STATION","LAKESIDE MRT STATION",FALSE,1.07333141560428
"Tuas Promenade","NG TENG FONG GENERAL HOSPITAL & JURONG COMMUNITY HOSPITAL",-0.693799914739908,-0.0611828842652781,-0.520205954479978,"TUAS CRESCENT MRT STATION","CHINESE GARDEN MRT STATION",TRUE,0.953109758155348
"Tuas Promenade","CHOA CHU KANG POLYCLINIC",-0.225250063601243,1.11919031196326,1.13623932162732,"TUAS CRESCENT MRT STATION","BUKIT GOMBAK MRT STATION",TRUE,0.820097663373269
"Greenwood Park","NATIONAL HEALTHCARE GROUP POLYCLINICS - KHATIB",-0.624428090400662,-0.342583854246161,-0.520205954479978,"ADMIRALTY MRT STATION","YISHUN MRT STATION",FALSE,2.14666818096605
"Greenwood Park","NATIONAL HEALTHCARE GROUP POLYCLINICS - YISHUN",-0.313383841511112,-0.0918725873672199,-0.520205954479978,"ADMIRALTY MRT STATION","CANBERRA MRT STATION",FALSE,2.13000087295551
"Midview","NATIONAL HEALTHCARE GROUP POLYCLINICS - KHATIB",-0.915768545630107,-0.65278593021502,-0.520205954479978,"ADMIRALTY MRT STATION","YISHUN MRT STATION",FALSE,2.48181129221764
"Midview","NATIONAL HEALTHCARE GROUP POLYCLINICS - YISHUN",-0.604724296740557,-0.401602514057588,-0.520205954479978,"ADMIRALTY MRT STATION","CANBERRA MRT STATION",FALSE,2.4020288695487
"North Coast","BUKIT PANJANG POLYCLINIC",-0.0745494119324293,0.680091482966242,1.13623932162732,"KRANJI MRT STATION","BUKIT PANJANG LRT STATION",FALSE,1.82325646513366
"North Coast","NATIONAL HEALTHCARE GROUP POLYCLINICS - KHATIB",-0.0563550573561315,0.274043103463626,-0.520205954479978,"ADMIRALTY MRT STATION","YISHUN MRT STATION",FALSE,1.79113125245185
"Senoko West","NATIONAL HEALTHCARE GROUP POLYCLINICS - YISHUN",-0.0856955592165719,0.0223875380277023,-0.520205954479978,"SEMBAWANG MRT STATION","CANBERRA MRT STATION",FALSE,2.72902489681549
"Senoko West","NATIONAL HEALTHCARE GROUP POLYCLINICS - KHATIB",-0.396739808106121,-0.22879587812973,-0.520205954479978,"SEMBAWANG MRT STATION","YISHUN MRT STATION",FALSE,2.62866974713207
"Woodgrove","NATIONAL HEALTHCARE GROUP POLYCLINICS - SEMBAWANG",-0.770955953858456,-0.736356352508,-0.520205954479978,"WOODLANDS MRT STATION","ADMIRALTY MRT STATION",FALSE,2.1560489840137
"Woodgrove","BUKIT PANJANG POLYCLINIC",-0.8757372231513,-0.256180536282232,1.13623932162732,"KRANJI MRT STATION","BUKIT PANJANG LRT STATION",FALSE,2.10829988054553
"Woodgrove","CHOA CHU KANG POLYCLINIC",-0.36161728132548,-0.159389934191492,-0.520205954479978,"KRANJI MRT STATION","YEW TEE MRT STATION",FALSE,1.9301934465788
"Woodlands East","NATIONAL HEALTHCARE GROUP POLYCLINICS - KHATIB",-1.3429834678085,-1.30057474030524,-0.520205954479978,"SEMBAWANG MRT STATION","YISHUN MRT STATION",FALSE,3.14975468179629
"Woodlands East","NATIONAL HEALTHCARE GROUP POLYCLINICS - YISHUN",-1.03193921891895,-1.04939132414781,-0.520205954479978,"SEMBAWANG MRT STATION","CANBERRA MRT STATION",FALSE,3.14869769433781
"Woodlands Regional Centre","NATIONAL HEALTHCARE GROUP POLYCLINICS - KHATIB",-0.975778105238801,-0.760435965711062,-0.520205954479978,"ADMIRALTY MRT STATION","YISHUN MRT STATION",FALSE,2.13643800420491
"Woodlands Regional Centre","NATIONAL HEALTHCARE GROUP POLYCLINICS - YISHUN",-0.664733856349251,-0.509724698832121,-0.520205954479978,"ADMIRALTY MRT STATION","CANBERRA MRT STATION",FALSE,2.04385718895058
"Woodlands West","NATIONAL HEALTHCARE GROUP POLYCLINICS - SEMBAWANG",-0.469860280748541,-0.427098575096124,-0.520205954479978,"WOODLANDS MRT STATION","ADMIRALTY MRT STATION",FALSE,2.28190468356476
"Woodlands West","BUKIT PANJANG POLYCLINIC",-0.574641550041385,0.0530772411296442,1.13623932162732,"KRANJI MRT STATION","BUKIT PANJANG LRT STATION",FALSE,1.96791343456307
"Woodlands West","CHOA CHU KANG POLYCLINIC",-0.060521608215565,0.149867843220384,-0.520205954479978,"KRANJI MRT STATION","YEW TEE MRT STATION",FALSE,1.84585458697098
"Lower Seletar","NATIONAL HEALTHCARE GROUP POLYCLINICS - SEMBAWANG",-0.102654918178846,-0.0753473626200203,-0.520205954479978,"YISHUN MRT STATION","CANBERRA MRT STATION",FALSE,2.88364190876045
"Nee Soon","NATIONAL HEALTHCARE GROUP POLYCLINICS - SEMBAWANG",-0.467377814817322,0.0681860180413694,1.13623932162732,"WOODLANDS SOUTH MRT STATION","ADMIRALTY MRT STATION",FALSE,2.55479768259643
"Yishun South","NATIONAL HEALTHCARE GROUP POLYCLINICS - SEMBAWANG",-0.867497681706223,-0.892165614410167,-0.520205954479978,"YISHUN MRT STATION","CANBERRA MRT STATION",FALSE,3.92916432746033
